{"cameraMode":{"drawMode":0,"name":"Shaded","section":"Shading Mode"},"sceneLighting":false,"audioPlay":false,"sceneViewState":{"m_AlwaysRefresh":false,"showFog":true,"showSkybox":false,"showFlares":true,"showImageEffects":true,"showParticleSystems":true,"showVisualEffectGraphs":true,"m_FxEnabled":true},"in2DMode":false,"pivot":{"x":0.32375192642211916,"y":5.19090461730957,"z":0.27581167221069338},"rotation":{"x":0.05375131592154503,"y":0.8011474013328552,"z":-0.5916504859924316,"w":0.07272966206073761},"size":10.085442543029786,"orthographic":false}