{"cameraMode":{"drawMode":0,"name":"Shaded","section":"Shading Mode"},"sceneLighting":false,"audioPlay":false,"sceneViewState":{"m_AlwaysRefresh":false,"showFog":true,"showSkybox":false,"showFlares":true,"showImageEffects":true,"showParticleSystems":true,"showVisualEffectGraphs":true,"m_FxEnabled":true},"in2DMode":false,"pivot":{"x":14.295931816101075,"y":1.1676909923553467,"z":27.4166202545166},"rotation":{"x":0.16638962924480439,"y":-0.10381937772035599,"z":0.017597690224647523,"w":0.9804279804229736},"size":3.6309685707092287,"orthographic":false}